0.48156,0.19425,0.402,0.86871,0.44513,0.23096,0.41796,0.83896,0.30652,0.77872,0.19139,0.2994,0.32799,0.74681,0.61679,0.10338,0.14577,0.67854,0.48667,0.16904,0.61697
0.28354,0.14617,0.40339,0.85787,0.41066,0.256,0.45076,0.72114,0.27775,0.81399,0.089435,0.27915,0.40439,0.74044,0.63535,0.17654,0.15641,0.72487,0.46909,0.12649,0.6587
0.26384,0.10341,0.3835,0.85369,0.41963,0.227,0.39971,0.73294,0.23681,0.7614,0.19892,0.17117,0.47563,0.7229,0.59917,0.14997,0.19814,0.632,0.47694,0.11917,0.55458
0.3078,0.1521,0.38445,0.82548,0.41369,0.26546,0.35549,0.7627,0.29426,0.78499,0.12201,0.17663,0.44795,0.71007,0.66548,0.13072,0.16444,0.66504,0.47725,0.12085,0.6144
0.27379,0.13217,0.3948,0.82571,0.40973,0.25955,0.38061,0.70948,0.26034,0.77561,0.15428,0.20276,0.3931,0.74438,0.672,0.098919,0.16994,0.57602,0.46701,0.11612,0.60047
0.43944,0.08769,0.38202,0.81776,0.45014,0.37821,0.42766,0.8361,0.27026,0.77015,0.25755,0.14559,0.25619,0.74144,0.64609,0.11729,0.17036,0.5503,0.45868,0.1312,0.58492
0.3458,0.1146,0.37652,0.81758,0.43453,0.23546,0.44211,0.75459,0.28164,0.75429,0.24731,0.24109,0.24651,0.73261,0.62834,0.21717,0.16916,0.62789,0.46338,0.11325,0.57441
0.23913,0.079129,0.37089,0.81769,0.4088,0.23628,0.35483,0.70212,0.2625,0.74789,0.23868,0.2281,0.30378,0.70439,0.49594,0.18684,0.17095,0.5472,0.39274,0.1046,0.60416
0.22876,0.06061,0.34452,0.80042,0.41758,0.20683,0.33389,0.72061,0.28176,0.7318,0.088227,0.1078,0.28765,0.69372,0.51247,0.043707,0.14799,0.64056,0.42451,0.045762,0.52164
0.23553,0.054135,0.36126,0.79491,0.41727,0.20844,0.32255,0.74113,0.31498,0.72654,0.19066,0.15411,0.27148,0.6728,0.54996,0.14036,0.17321,0.65601,0.41695,0.085653,0.55257
0.19892,0.076004,0.35547,0.77131,0.4054,0.21202,0.47158,0.6882,0.2698,0.75286,0.18804,0.156,0.29637,0.70463,0.49492,0.087316,0.14154,0.63386,0.38897,0.073604,0.60652
0.20879,0.054067,0.36892,0.77973,0.38866,0.19237,0.36918,0.71133,0.28777,0.76003,0.060541,0.087004,0.20523,0.68547,0.49585,0.10796,0.15296,0.55963,0.40349,0.049425,0.5501
0.24074,0.1644,0.35677,0.77365,0.41346,0.19062,0.57546,0.7275,0.23717,0.70272,0.048731,0.13822,0.30716,0.69931,0.53458,0.21241,0.18199,0.61081,0.42084,0.099423,0.58221
0.26504,0.11851,0.35029,0.76986,0.42677,0.17799,0.53506,0.72505,0.31192,0.74678,0.032444,0.087815,0.19471,0.70321,0.49339,0.13605,0.21664,0.57102,0.38879,0.060908,0.60331
0.22015,0.09787,0.36699,0.77624,0.39116,0.16835,0.42542,0.73799,0.32572,0.73465,0.093791,0.17665,0.19747,0.73942,0.49799,0.11359,0.18009,0.5359,0.37708,0.073165,0.50682
0.21546,0.083811,0.38508,0.7579,0.40354,0.18191,0.34907,0.77439,0.27385,0.73052,0.06946,0.30779,0.22994,0.63492,0.50854,0.15444,0.16218,0.56364,0.40976,0.23607,0.5558
0.24903,0.061071,0.38201,0.74137,0.37601,0.20859,0.36102,0.73232,0.2567,0.7455,0.11522,0.32152,0.15581,0.71665,0.4789,0.14036,0.16974,0.54947,0.35817,0.04829,0.58682
0.189,0.026935,0.41083,0.76461,0.35095,0.22341,0.39641,0.71541,0.21422,0.71473,0.083353,0.30757,0.1833,0.66061,0.47735,0.1498,0.13675,0.58404,0.37438,0.040858,0.50203
0.15943,0.076034,0.40487,0.75318,0.36892,0.18272,0.39007,0.70367,0.25141,0.70745,0.035509,0.30118,0.21145,0.67494,0.51966,0.19124,0.17053,0.50807,0.40647,0.066136,0.54496
0.20635,0.081292,0.40419,0.74309,0.35124,0.21131,0.3984,0.70554,0.19509,0.74011,0.016583,0.31913,0.25922,0.71132,0.48763,0.10549,0.1506,0.54453,0.3539,0.059243,0.63618
0,0.25217,0.39143,0.76542,0.33564,0.21076,0.37877,0.65287,0.28876,0.70955,0.036252,0.32416,0.15239,0.62392,0.47196,0.13735,0.16897,0.5614,0.4109,0.038526,0.49948
0.11623,0.21263,0.36716,0.76646,0.33193,0.22119,0.36604,0.68785,0.28064,0.70069,0.029783,0.36284,0.16819,0.68988,0.5003,0.079717,0.14912,0.52287,0.37254,0.058938,0.54589
0.1114,0.17567,0.36808,0.77602,0.29838,0.21671,0.40664,0.68511,0.24663,0.72343,0.01413,0.35298,0.14795,0.71218,0.45123,0.06384,0.16877,0.58043,0.35274,0.058868,0.57141
0.015622,0.020439,0.41122,0.82369,0.30308,0.20161,0.37937,0.65592,0.31486,0.69899,0.077133,0.37274,0.18276,0.62882,0.48118,0.2495,0.17841,0.55542,0.38246,0,0.49627
0.12632,0.036729,0.38308,0.7468,0.33135,0.1715,0.35817,0.6801,0.26816,0.70245,0.048025,0.40895,0.18918,0.67535,0.46618,0.090328,0.15591,0.55355,0.37556,0.093517,0.52002
0.094844,0.03571,0.36695,0.74029,0.44082,0.2363,0.35334,0.66796,0.24158,0.7289,0,0.40249,0.20351,0.65162,0.46156,0.10633,0.16573,0.56443,0.34267,0.076458,0.5752
0.026622,0.03228,0.39047,0.74821,0.4573,0.16113,0.33697,0.65774,0.27455,0.71788,0.059208,0.39463,0.26911,0.62556,0.46643,0.14292,0.17745,0.55424,0.37336,0.073122,0.53368
0.095185,0,0.38384,0.78098,0.32938,0.1581,0.34456,0.67289,0.26937,0.73101,0.12672,0.40028,0.22915,0.6288,0.4743,0.19392,0.16732,0.53463,0.37812,0.10432,0.60507
0.093062,0.0033647,0.39386,0.7509,0.29234,0.17931,0.36412,0.69864,0.2496,0.73431,0.03057,0.42779,0.23139,0.63287,0.43772,0.17815,0.19089,0.56646,0.37292,0.04902,0.56218
0.13929,0.0053807,0.407,0.76197,0.26919,0.21801,0.37079,0.70574,0.28558,0.73211,0.0099271,0.41371,0.24062,0.65662,0.44826,0.15401,0.16099,0.6326,0.36677,0.021088,0.49699
0.15848,0.049179,0.38899,0.79798,0.29208,0.20061,0.39037,0.68927,0.24665,0.70185,0.088987,0.43504,0.2072,0.662,0.45875,0.23875,0.17173,0.63383,0.39329,0.080182,0.55774
0.096599,0.034003,0.38082,0.76061,0.32324,0.21269,0.38683,0.69723,0.27659,0.74622,0.044791,0.4106,0.2264,0.62583,0.44011,0.092026,0.21184,0.61428,0.39946,0.06954,0.582
0.19694,0.053787,0.35941,0.77904,0.28817,0.18667,0.34345,0.70984,0.3061,0.73591,0.054033,0.35853,0.17764,0.61972,0.4954,0.17504,0.22706,0.6174,0.4127,0.064686,0.54791
0.1779,0.028901,0.37355,0.75913,0.29146,0.17402,0.35513,0.69337,0.27978,0.71943,0.071724,0.39585,0.27366,0.68827,0.47623,0.23536,0.19178,0.56967,0.42749,0.12588,0.54404
0.12338,0.055672,0.39455,0.76114,0.27995,0.19206,0.37724,0.72148,0.32968,0.75911,0.030541,0.3951,0.28642,0.63564,0.50371,0.15146,0.18552,0.62407,0.43812,0.074651,0.57255
0.18995,0.047489,0.40823,0.76807,0.23793,0.17341,0.37019,0.73319,0.30751,0.76001,0.14456,0.36788,0.25877,0.67319,0.50446,0.23076,0.18565,0.67711,0.43278,0.10353,0.57376
0.2469,0.093957,0.3783,0.75448,0.31059,0.20626,0.43059,0.72613,0.30835,0.74036,0.12658,0.37751,0.31359,0.72241,0.5355,0.23884,0.16551,0.65984,0.43811,0.11644,0.56862
0.29495,0.036201,0.37553,0.75904,0.28197,0.24347,0.44004,0.76109,0.30686,0.9071,0.070443,0.43213,0.25956,0.67439,0.53649,0.18471,0.18507,0.62812,0.4945,0.12778,0.61288
0.27139,0.080937,0.39085,0.78569,0.26764,0.20993,0.40054,0.74273,0.34717,0.73245,0.1069,0.34856,0.27108,0.70496,0.53825,0.18987,0.1891,0.82668,0.44462,0.13799,0.58864
0.33309,0.068768,0.40965,0.78532,0.27872,0.22254,0.56557,0.77052,0.34601,0.82822,0.1155,0.296,0.35591,0.73421,0.55852,0.27654,0.1741,0.71873,0.46966,0.12366,0.61498
0.43204,0.094388,0.42829,0.76901,0.26958,0.22227,0.43189,0.79281,0.36986,0.82278,0.19562,0.37793,0.42722,0.74029,0.57781,0.51294,0.19415,0.71653,0.43835,0.14953,0.63381
0.39409,0.09878,0.41755,0.79727,0.29683,0.244,0.41175,0.79154,0.38209,0.83916,0.14589,0.39799,0.25634,0.72713,0.57894,0.43163,0.28089,0.67453,0.49376,0.16705,0.58927
0.45139,0.15234,0.40992,0.79021,0.33085,0.25447,0.41777,0.80748,0.40558,0.79893,0.15942,0.37695,0.30023,0.76872,0.60955,0.27604,0.24106,0.7081,0.48413,0.20025,0.62766
0.49084,0.097093,0.42244,0.81939,0.2957,0.25955,0.4326,0.81222,0.4148,0.79458,0.11276,0.38531,0.43325,0.75931,0.60343,0.22985,0.21886,0.69011,0.49641,0.17408,0.63048
0.41098,0.16568,0.43121,0.82993,0.30334,0.32174,0.45423,0.77948,0.42125,0.8143,0.14009,0.43841,0.36698,0.75738,0.61301,0.35326,0.28139,0.77321,0.50501,0.20866,0.68084
0.60815,0.14473,0.40437,0.82376,0.32919,0.29837,0.41987,0.84041,0.45047,0.79767,0.13326,0.4437,0.34665,0.80691,0.66977,0.38351,0.29049,0.80544,0.50567,0.21319,0.64269
0.64707,0.17044,0.52817,0.84827,0.31383,0.28643,0.44885,0.86018,0.44843,0.84441,0.19938,0.42723,0.42272,0.84775,0.64015,0.3037,0.33377,0.75824,0.51305,0.21164,0.70271
0.5352,0.21061,0.48844,0.84076,0.33351,0.29314,0.42867,0.78868,0.46511,0.83702,0.17758,0.41983,0.33594,0.81121,0.67334,0.22047,0.30069,0.80408,0.54597,0.22413,0.65984
0.68602,0.24321,0.47716,0.84139,0.39233,0.30431,0.50033,0.87672,0.50214,0.87549,0.19592,0.46127,0.40241,0.83095,0.6708,0.24965,0.3696,0.82341,0.54838,0.23654,0.71476
0.76948,0.22343,0.50968,0.85391,0.38597,0.34583,0.4714,0.88565,0.45343,0.87453,0.21929,0.43449,0.37675,0.88662,0.66213,0.34587,0.32144,0.80055,0.59666,0.25492,0.74089
0.7032,0.27651,0.47432,0.8635,0.53928,0.35083,0.52516,0.83578,0.52885,0.85235,0.18702,0.42781,0.41072,0.92244,0.69527,0.44418,0.31768,0.80536,0.55039,0.25741,0.71604
0.85121,0.27787,0.49974,0.87488,0.38114,0.33818,0.54613,0.92416,0.52073,0.85434,0.19864,0.33656,0.41268,0.89174,0.69309,0.41607,0.35303,0.82977,0.54144,0.26332,0.74841
0.81965,0.30365,0.47858,0.90983,0.38909,0.34695,0.54735,0.89441,0.47044,0.86286,0.16748,0.36788,0.43311,0.88385,0.70896,0.39441,0.39027,0.83582,0.51662,0.29227,0.76632
0.76827,0.32499,0.49923,0.90551,0.40373,0.32903,0.48153,0.8967,0.48349,0.86847,0.24218,0.34263,0.41728,0.85415,0.72496,0.32545,0.36298,0.87599,0.56397,0.28778,0.77523
0.87125,0.3488,0.4687,0.87899,0.37815,0.41376,0.49482,0.93322,0.51397,0.88014,0.23265,0.38546,0.47279,0.90496,0.74526,0.3975,0.39301,0.83026,0.60739,0.3063,0.75433
0.83571,0.40464,0.46046,0.89305,0.38595,0.42411,0.51531,0.9251,0.4992,0.85402,0.22913,0.40597,0.42633,0.89416,0.78809,0.26771,0.39102,0.8653,0.59307,0.33257,0.73307
0.917,0.39062,0.47198,0.9068,0.37407,0.42047,0.55906,0.94981,0.54369,0.88479,0.26869,0.434,0.43625,0.89408,0.78825,0.22426,0.35571,0.87032,0.61454,0.29553,0.7595
0.96807,0.38386,0.49767,0.88325,0.40603,0.46581,0.51853,0.95434,0.5675,0.90059,0.2584,0.41584,0.42687,0.89953,0.86084,0.32791,0.36529,0.92415,0.58797,0.31628,0.76263
0.87261,0.39419,0.5144,0.89243,0.40619,0.49337,0.48022,0.93023,0.60299,0.91183,0.22019,0.36366,0.43401,0.9255,0.793,0.40069,0.41111,0.92578,0.61325,0.3318,0.83027
0.85155,0.42633,0.48606,0.90771,0.38741,0.48948,0.51839,0.91079,0.54177,0.89513,0.23805,0.41005,0.47269,0.94341,0.83014,0.35186,0.40586,0.91232,0.58432,0.2955,0.76834
0.92486,0.43408,0.4928,0.8752,0.39976,0.47924,0.53552,0.95076,0.53721,0.88156,0.19552,0.38891,0.4371,0.89588,0.82486,0.37207,0.40608,0.87899,0.6146,0.39066,0.783
0.84166,0.44964,0.50216,0.89168,0.41742,0.54305,0.67428,0.90146,0.51594,0.87149,0.20052,0.41232,0.48134,0.89562,0.80576,0.34232,0.40309,0.90642,0.599,0.37957,0.85628
0.82662,0.45916,0.49185,0.88651,0.4342,0.50734,0.54256,0.92483,0.49861,0.85578,0.27759,0.37539,0.42264,0.89986,0.81236,0.31469,0.433,0.94192,0.59301,0.35695,0.79002
0.83353,0.46087,0.50729,0.88704,0.41398,0.46804,0.57476,0.92628,0.52047,0.89327,0.19387,0.42392,0.48627,0.87467,0.8235,0.234,0.38208,0.94071,0.65422,0.36092,0.8147
0.9081,0.44163,0.50017,0.89901,0.44275,0.48863,0.49216,0.93719,0.53335,1,0.20244,0.30635,0.39819,0.91211,0.83878,0.29723,0.42732,0.89663,0.6548,0.39274,0.78869
0.82176,0.44088,0.49526,0.9033,0.45496,0.49263,0.51625,0.91715,0.53832,0.89042,0.21614,0.36611,0.40787,0.85686,0.82557,0.27237,0.40644,0.94014,0.60034,0.34444,0.83091
0.87727,0.44664,0.54775,0.90514,0.4277,0.48525,0.51167,0.95041,0.52393,0.91013,0.23866,0.4054,0.35953,0.88489,0.81697,0.3254,0.41516,0.8975,0.67944,0.37182,0.86562
0.94405,0.41877,0.48809,0.91673,0.37787,0.47811,0.50626,0.97306,0.57097,0.8693,0.20355,0.32424,0.41542,0.87237,0.82827,0.28495,0.44306,0.85543,0.61874,0.36329,0.93178
0.90056,0.41776,0.47533,0.91239,0.37278,0.49705,0.47843,0.96652,0.55856,0.90195,0.2674,0.38062,0.42462,0.81899,0.83329,0.45061,0.50485,0.85104,0.6246,0.3829,0.99092
0.84903,0.41776,0.4979,0.8872,0.55988,0.47516,0.48406,0.94961,0.52366,0.86305,0.21633,0.38686,0.45312,0.85612,0.78607,0.36934,0.47675,0.87814,0.616,0.3392,0.80928
0.92197,0.4057,0.4985,0.90327,0.38197,0.48572,0.53335,0.97052,0.46521,0.85924,0.19071,0.36235,0.37898,0.85531,0.80294,0.33973,0.44076,0.79947,0.60534,0.35725,0.86239
0.79708,0.39731,0.47817,0.92372,0.36384,0.44527,0.51857,0.93228,0.49907,0.87911,0.25059,0.36798,0.3876,0.83948,0.82472,0.31615,0.38274,0.88516,0.58307,0.38712,0.77042
0.89858,0.42174,0.46474,0.90207,0.3735,0.41275,0.55242,0.9418,0.53036,0.87725,0.23212,0.35955,0.43777,0.87051,0.80344,0.20051,0.40792,0.85198,0.63002,0.33545,0.82629
0.87555,0.389,0.50229,0.89654,0.35894,0.37112,0.56632,0.96814,0.52366,0.87937,0.30854,0.31127,0.31925,0.83355,0.79819,0.26782,0.3273,0.83563,0.58357,0.3452,0.7646
0.77277,0.40358,0.48418,0.9071,0.36109,0.39811,0.55777,0.93205,0.44105,0.88918,0.38065,0.35727,0.41404,0.82792,0.758,0.38762,0.35862,0.7602,0.56264,0.36319,0.77776
0.68089,0.4197,0.49513,0.91882,0.36948,0.45357,0.49359,0.89465,0.45591,0.87136,0.26463,0.30375,0.45158,0.78151,0.77675,0.35777,0.32691,0.8885,0.5847,0.35692,0.79148
0.80516,0.4033,0.46716,1,0.3623,0.31919,0.53632,0.91673,0.4481,0.90266,0.28793,0.3721,0.41934,0.89025,0.81964,0.35675,0.34566,0.86195,0.58353,0.31773,0.78017
0.73778,0.40173,0.47352,0.98429,0.34499,0.30891,0.72205,0.91298,0.56394,0.85701,0.22557,0.34959,0.49034,0.83569,0.79457,0.377,0.30325,0.81255,0.5776,0.30157,0.90445
0.81596,0.38554,0.45591,0.92366,0.34656,0.3075,0.62485,0.94729,0.48473,0.86336,0.28101,0.29303,0.43715,0.85856,0.82691,0.33216,0.37735,0.81545,0.57117,0.30089,0.83484
0.75156,0.3912,0.46107,0.91108,0.31143,0.30862,0.63673,0.92152,0.55773,0.88837,0.27065,0.33381,0.43914,0.82589,0.84997,0.37712,0.34059,0.79498,0.53869,0.33249,0.78029
0.79704,0.43268,0.45945,0.89777,0.34306,0.3062,0.5739,0.94196,0.52759,0.86885,0.27289,0.37715,0.44451,0.82403,0.79978,0.28434,0.33972,0.82473,0.56769,0.36554,0.80955
0.72143,0.41584,0.45134,0.88518,0.34783,0.30714,0.53748,0.90542,0.50719,0.94655,0.37642,0.38783,0.41665,0.83548,0.82697,0.39023,0.34011,0.78924,0.57065,0.3341,0.79411
0.74589,0.38304,0.42774,0.98475,0.37095,0.3537,0.51561,0.89926,0.47433,0.90569,0.27512,0.31044,0.45672,0.85337,0.83719,0.45037,0.38626,0.79224,0.63695,0.35567,0.78224
0.78619,0.44247,0.45826,0.97628,0.36206,0.32279,0.54199,0.92104,0.46278,0.87019,0.2753,0.37088,0.43049,0.86045,0.83192,0.30505,0.33114,0.79315,0.55121,0.32836,0.7815
0.81725,0.41691,0.45885,0.88271,0.36674,0.31074,0.54893,0.94034,0.48765,0.83116,0.28647,0.37268,0.47265,0.86126,0.86395,0.22705,0.33829,0.78988,0.59176,0.30879,0.83004
0.78728,0.42079,0.45532,0.90979,0.37757,0.30105,0.50332,0.92972,0.48331,0.86654,0.23215,0.34533,0.42602,0.84127,0.79767,0.45306,0.42807,0.87265,0.56679,0.3395,0.79748
0.75833,0.44927,0.4604,0.89131,0.35801,0.3727,0.52503,0.90983,0.50196,0.86554,0.23005,0.33215,0.4876,0.84215,0.85378,0.37706,0.35783,0.86336,0.56685,0.33996,0.78021
0.71204,0.45318,0.45531,0.87345,0.45019,0.34656,0.49685,0.9056,0.48082,0.85536,0.22863,0.34763,0.43222,0.83354,0.82772,0.39236,0.35028,0.80632,0.52661,0.34554,0.88484
0.82537,0.44042,0.46655,0.908,0.38013,0.34263,0.49843,0.91952,0.4712,0.88694,0.2965,0.32432,0.57873,0.90553,0.78078,0.42794,0.33324,0.81854,0.51184,0.34424,0.81319
0.75272,0.47265,0.46259,0.89231,0.36245,0.29529,0.47208,0.90565,0.4754,0.87468,0.31508,0.38656,0.49052,0.85282,0.84144,0.43064,0.34969,0.79828,0.51891,0.33948,0.79818
0.79288,0.45962,0.472,0.9018,0.35468,0.33506,0.4954,0.89688,0.44328,0.89435,0.32507,0.37835,0.44233,0.8474,0.8414,0.32085,0.37402,0.77498,0.53904,0.3588,0.85622
0.81593,0.46682,0.46117,0.91349,0.38932,0.38891,0.50437,0.89931,0.52319,0.85457,0.34331,0.34989,0.54036,0.90119,0.8285,0.26288,0.33595,0.91934,0.52153,0.34277,0.86016
0.74832,0.48259,0.44705,0.91036,0.39012,0.3237,0.48099,0.88697,0.50908,0.84594,0.30901,0.35863,0.46356,0.89913,0.83204,0.3252,0.33351,0.8091,0.49732,0.33451,0.82756
0.85895,0.4874,0.46287,0.86095,0.37612,0.32361,0.51544,0.94548,0.49592,0.8703,0.33817,0.32917,0.5793,0.92065,0.85488,0.32547,0.31431,0.80401,0.57943,0.35848,0.85898
0.85014,0.50231,0.45617,0.98266,0.39344,0.3267,0.5032,0.92063,0.51064,0.86587,0.30316,0.33478,0.48194,0.87985,0.81759,0.43402,0.35562,0.79809,0.52451,0.33577,0.89262
0.89983,0.51187,0.45766,0.88374,0.31216,0.34694,0.48784,0.95581,0.46071,0.83943,0.32543,0.40619,0.51145,0.89377,0.88786,0.3298,0.36816,0.8459,0.56919,0.38927,0.8557
0.76503,0.52907,0.4483,0.866,0.38664,0.34767,0.52068,0.90146,0.51093,0.83494,0.26137,0.33818,0.55717,0.92892,0.87376,0.43617,0.35991,0.8482,0.56221,0.37655,0.88185
0.86574,0.51216,0.43248,0.85935,0.47618,0.35948,0.51874,0.94614,0.55243,0.83576,0.26664,0.27795,0.54197,0.89344,0.85893,0.37402,0.36294,0.82618,0.60431,0.37491,0.89378
0.79792,0.52899,0.45251,0.84421,0.37537,0.34649,0.50501,0.92299,0.52839,0.84877,0.27082,0.40196,0.43872,0.86514,0.86376,0.42587,0.33064,0.83723,0.5998,0.38033,0.87415
0.83923,0.55484,0.44121,0.89641,0.34785,0.34669,0.5427,0.92615,0.56586,0.86211,0.28003,0.35863,0.44868,0.91237,0.86725,0.4501,0.32912,0.82538,0.56936,0.40344,0.87903
0.89681,0.54149,0.47563,0.88847,0.37036,0.33723,0.56048,0.92029,0.5326,0.87507,0.2449,0.34461,0.45177,0.9696,0.86567,0.44239,0.37347,0.8036,0.57494,0.38219,0.87468
0.8398,0.54819,0.45562,0.86944,0.37984,0.34027,0.52009,0.88146,0.55142,0.85348,0.25568,0.30858,0.44703,0.97807,0.88692,0.33447,0.40274,0.84427,0.59505,0.35607,0.84254
0.8413,0.53746,0.46799,0.86963,0.38286,0.35812,0.51381,0.86473,0.54279,0.85617,0.22847,0.33747,0.409,1,0.8574,0.34686,0.3455,0.87613,0.59046,0.37217,0.85972
0.85725,0.52814,0.48933,0.90709,0.34446,0.35186,0.57903,0.91486,0.45629,0.87065,0.24535,0.28952,0.49536,0.94467,0.86347,0.41666,0.33034,0.82895,0.61729,0.36327,0.8531
0.78364,0.52433,0.43991,0.88514,0.37754,0.31045,0.48064,0.89805,0.5249,0.85509,0.18162,0.31099,0.3375,0.93204,0.86837,0.32,0.364,0.84439,0.54415,0.33596,0.85318
0.82962,0.52526,0.42819,0.89176,0.41671,0.33963,0.4736,0.88921,0.51773,0.85646,0.22236,0.3564,0.38796,0.95082,0.93122,0.45237,0.33951,0.79238,0.56051,0.36715,0.87166
0.88548,0.49045,0.43905,0.86757,0.37864,0.34924,0.49846,0.92741,0.50715,0.85337,0.19609,0.35922,0.51214,0.92836,0.83541,0.43521,0.35194,0.84848,0.5713,0.35274,0.89785
0.91677,0.48271,0.45226,0.89477,0.35914,0.32512,0.51742,0.94426,0.5242,0.84436,0.18293,0.35102,0.38616,0.94153,0.84784,0.40568,0.32496,0.8414,0.59352,0.33638,0.87023
0.85379,0.49383,0.5069,0.90019,0.35077,0.31297,0.54826,0.91325,0.50616,0.88552,0.27096,0.34166,0.45423,0.96026,0.82979,0.39322,0.32671,0.79187,0.56491,0.38759,0.88181
1,0.4829,0.49421,0.9074,0.32137,0.32139,0.50784,0.97474,0.4679,0.89642,0.26089,0.37707,0.43739,0.95027,0.82987,0.41717,0.35989,0.82546,0.5561,0.36424,0.84945
0.82527,0.47822,0.4467,0.94554,0.33142,0.35445,0.5287,0.89318,0.50831,0.92623,0.19382,0.38345,0.39679,0.90563,0.80988,0.34225,0.34024,0.84725,0.56615,0.35142,0.83708
0.80467,0.46509,0.44046,0.88484,0.34608,0.31851,0.51255,0.89612,0.50247,0.93783,0.27403,0.4045,0.38223,0.90268,0.81894,0.39539,0.33396,0.82958,0.57224,0.34286,0.8171
0.72552,0.44426,0.46201,0.90215,0.33556,0.35302,0.50781,0.87929,0.46899,0.84771,0.22756,0.32575,0.53852,0.86765,0.80507,0.40819,0.34522,0.87893,0.54588,0.31379,0.84716
0.71135,0.45839,0.46365,0.93128,0.3696,0.32013,0.60081,0.86322,0.49559,0.92091,0.216,0.31933,0.53908,0.87722,0.8325,0.27389,0.33317,0.82939,0.54923,0.30617,0.82472
0.719,0.42202,0.4707,0.91353,0.34211,0.3183,0.48851,0.89595,0.48275,0.91545,0.21309,0.404,0.44372,0.858,0.8567,0.31403,0.38641,0.86448,0.52859,0.31594,1
0.74219,0.40568,0.44353,0.88914,0.30543,0.36359,0.51721,0.90326,0.45751,0.91051,0.20486,0.39254,0.45704,0.83098,0.79248,0.38426,0.3774,0.82475,0.58259,0.31431,0.82254
0.72943,0.41791,0.46464,0.89291,0.35169,0.31004,0.50892,0.89776,0.51129,0.92649,0.22034,0.39097,0.46076,0.86416,0.79268,0.44942,0.39748,0.80675,0.53315,0.26605,0.83097
0.77376,0.39169,0.48144,0.91577,0.34471,0.33673,0.65924,0.9382,0.50483,0.97138,0.17943,0.41283,0.46083,0.86482,0.79159,0.30753,0.35813,0.89817,0.51485,0.29794,0.89498
0.85089,0.35971,0.46113,0.91963,0.35031,0.42106,0.55102,0.95728,0.49545,0.86444,0.23137,0.41615,0.42888,0.85941,0.75275,0.37912,0.3582,0.82351,0.55703,0.28827,0.86149
0.65991,0.36787,0.45525,0.93031,0.36994,0.41099,0.56848,0.88402,0.44538,0.83926,0.1946,0.34445,0.40625,0.85788,0.7581,0.21055,0.41788,0.86179,0.55183,0.23978,0.85129
0.78477,0.39832,0.46861,0.92279,0.34569,0.34334,0.68515,0.91422,0.4519,0.83935,0.20526,0.35759,0.36015,0.882,0.75039,0.36328,0.33617,0.8629,0.50475,0.25406,0.82674
0.74462,0.35874,0.46602,0.90379,0.38308,0.41684,0.64158,0.86908,0.42781,0.87768,0.22158,0.37293,0.46548,0.84897,0.73052,0.23997,0.35209,0.95451,0.51061,0.27806,0.83764
0.77344,0.34802,0.42245,0.90892,0.37324,0.35041,0.54538,0.90096,0.4571,0.83555,0.21937,0.37613,0.53405,0.90987,0.73675,0.35315,0.33903,0.83601,0.54148,0.24488,0.75618
0.84678,0.34688,0.48085,0.90431,0.33381,0.41055,0.57112,0.94204,0.46318,0.83983,0.17323,0.38863,0.40734,0.92966,0.68607,0.30204,0.36927,0.83067,0.50385,0.23145,0.7801
0.5689,0.3325,0.43171,0.92543,0.51419,0.41382,0.57623,0.81618,0.46964,0.85304,0.18975,0.33497,0.40911,0.84988,0.71705,0.32812,0.42171,0.86873,0.53802,0.26434,0.80623
0.69478,0.35346,0.44387,0.94667,0.33728,0.31878,0.67013,0.86015,0.43801,0.83454,0.23138,0.2952,0.52187,0.92203,0.7011,0.283,0.37512,0.80667,0.59987,0.23318,0.82266
0.69572,0.34285,0.42344,0.92617,0.36602,0.29698,0.60203,0.84583,0.43502,0.84317,0.28523,0.30382,0.5442,0.93548,0.67883,0.27302,0.37615,0.82714,0.50112,0.24388,0.80993
0.68876,0.29646,0.43893,0.93535,0.4009,0.251,0.46367,0.86132,0.43709,0.8597,0.24607,0.32457,0.41524,0.88746,0.71111,0.33892,0.38145,0.78457,0.57475,0.25334,0.80578
0.74306,0.30693,0.42737,0.91357,0.32081,0.29903,0.52875,0.86255,0.44584,0.83932,0.25058,0.2741,0.37439,0.87059,0.69758,0.32181,0.35589,0.75453,0.52921,0.23882,0.87052
0.69436,0.28268,0.43577,0.92727,0.36895,0.27885,0.46459,0.89404,0.44397,0.88974,0.23087,0.29438,0.3953,0.82474,0.67848,0.23816,0.36248,0.73721,0.50624,0.28373,0.84436
0.65496,0.26168,0.43262,0.92377,0.33749,0.26964,0.49384,0.8559,0.42934,0.84909,0.19394,0.12941,0.39992,0.87606,0.63474,0.34379,0.35693,0.73048,0.54319,0.23085,0.81984
0.66422,0.2891,0.43088,0.89714,0.32379,0.26466,0.51963,0.84755,0.37639,0.8936,0.20111,0.25449,0.4063,0.91253,0.72442,0.43016,0.28889,0.69886,0.49778,0.21775,0.87086
0.78267,0.2706,0.45993,0.92811,0.34381,0.24965,0.56552,0.87554,0.37961,0.85917,0.19855,0.28865,0.47066,0.97277,0.64799,0.30416,0.30337,0.71523,0.49165,0.20756,0.78558
0.60853,0.26582,0.44389,0.90547,0.33691,0.2552,0.62814,0.79551,0.40053,0.83339,0.19856,0.26068,0.50915,0.94022,0.64703,0.17806,0.37224,0.78503,0.47803,0.16443,0.77424
0.55782,0.26057,0.45746,0.94618,0.33423,0.23067,0.62159,0.80581,0.3902,0.86484,0.15392,0.28983,0.50542,0.8391,0.6701,0.23233,0.37101,0.79348,0.51941,0.17056,0.74412
0.54511,0.2657,0.4666,0.94047,0.42469,0.25843,0.48523,0.80383,0.36458,0.8175,0.17299,0.24773,0.64762,0.90782,0.67527,0.28799,0.34894,0.73899,0.44427,0.17912,0.75601
0.37704,0.23321,0.50205,0.90428,0.33461,0.21404,0.48989,0.77001,0.3502,0.83851,0.26966,0.16988,0.41844,0.77489,0.6664,0.27971,0.3316,0.67091,0.51269,0.17398,0.73987
0.45194,0.21064,0.51818,0.89192,0.32335,0.231,0.4653,0.79936,0.39881,0.81463,0.1949,0.25543,0.46278,0.78539,0.65925,0.25041,0.31632,0.81901,0.51827,0.14616,0.70209
0.45762,0.201,0.44044,0.87711,0.31594,0.19042,0.46541,0.82499,0.48399,0.83045,0.17196,0.20396,0.30566,0.78236,0.64621,0.15942,0.26039,0.6907,0.49653,0.16449,0.78534
0.37809,0.24124,0.4359,0.88088,0.30642,0.21593,0.46496,0.75466,0.32645,0.7565,0.13012,0.25078,0.60179,0.80337,0.63241,0.14542,0.29403,0.81886,0.46572,0.17466,0.7192
0.41711,0.25895,0.46203,0.86844,0.42935,0.19531,0.4397,0.77031,0.36722,0.78867,0.058202,0.18008,0.25089,0.74462,0.58761,0.24616,0.27692,0.69238,0.49125,0.15239,0.66171
0.36611,0.17449,0.4254,0.90344,0.2716,0.20873,0.39765,0.78971,0.3437,0.79316,0.098138,0.15221,0.23363,0.76932,0.61077,0.16069,0.26126,0.68603,0.43252,0.13017,0.70247
0.33909,0.111,0.41196,0.88828,0.59134,0.21751,0.36244,0.78241,0.36501,0.77093,0.10326,0.16417,0.2768,0.71844,0.60915,0.084998,0.31187,0.65624,0.47927,0.096326,0.72063
0.45147,0.12042,0.39903,0.8511,0.31599,0.2119,0.38905,0.84442,0.33071,0.76038,0.098141,0.15128,0.25886,0.73822,0.5909,0,0.28061,0.67982,0.4403,0.15956,0.67433
